<?xml version="1.0" encoding="UTF-8"?>
<project-private xmlns="http://www.netbeans.org/ns/project-private/1">
    <editor-bookmarks xmlns="http://www.netbeans.org/ns/editor-bookmarks/2" lastBookmarkId="0"/>
    <open-files xmlns="http://www.netbeans.org/ns/projectui-open-files/2">
        <group>
            <file>file:/C:/Users/VARTIK/Documents/NetBeansProjects/TempConvert/src/java/server/convert.java</file>
            <file>file:/C:/Users/VARTIK/Documents/NetBeansProjects/TempConvert/web/input.jsp</file>
            <file>file:/C:/Users/VARTIK/Documents/NetBeansProjects/TempConvert/web/output.jsp</file>
            <file>file:/C:/Users/VARTIK/Documents/NetBeansProjects/TempConvert/web/index.html</file>
        </group>
    </open-files>
</project-private>
